ID,Title,Category,Status,Tags,Slug,Published Date,Created Date,Updated Date,Author,Created by
1,Notion Public API 指令使用教程,,Scheduled,,notion-public-api-指令使用教程-2b56e,,2025年11月24日 11:44,2026年2月28日 09:46,Joyce Fang,Joyce Fang
2,Notion自动备份到GitHub仓库,,,,notion自动备份到github仓库-2b56e,,2025年11月24日 11:44,2026年1月16日 21:35,Joyce Fang,Joyce Fang
3,GitHub Pages,,,,github-pages-2b56e,,2025年11月24日 11:44,2026年1月16日 21:40,Joyce Fang,Joyce Fang
4,Article Title 4,,,,article-title-4-2b56e,,2025年11月24日 11:44,2025年12月22日 15:51,Joyce Fang,Joyce Fang
5,Article Title 5,,,,article-title-5-2b56e,,2025年11月24日 11:44,2025年12月22日 15:49,Joyce Fang,Joyce Fang
6,Article Title 6-这是一个很长很长的标题，就是这么长，看看同步之后标题会不会被拦截,Notion,Scheduled,Notion,article-title-6-这是一个很长很长的标题，就是这么长，看看同步之后标题会不会被拦截-2b56e,,2025年11月24日 13:41,2026年1月15日 16:46,Joyce Fang,Joyce Fang
7,Article Title 7,Notion,Scheduled,"Github Actions, Notion",article-title-7-2b56e,,2025年11月24日 14:06,2026年1月16日 21:32,Joyce Fang,Joyce Fang
8,Article Title 8,,Scheduled,,article-title-8-2b56e,,2025年11月24日 14:06,2026年1月16日 21:40,Joyce Fang,Joyce Fang
9,GitHub Actions,GitHub,Scheduled,Github Actions,github-actions-2b56e,,2025年11月24日 14:07,2025年12月30日 14:00,Joyce Fang,Joyce Fang
10,测试页面展,,Scheduled,,测试页面展-2b56e,,2025年11月24日 14:07,2025年12月30日 14:00,Joyce Fang,Joyce Fang
11,Article Title 11,,,,article-title-11-2b86e,,2025年11月27日 11:07,2025年12月22日 15:50,Joyce Fang,Joyce Fang
12,Article Title 12,,,,article-title-12-2b86e,,2025年11月27日 11:07,2025年12月22日 15:51,Joyce Fang,Joyce Fang
13,Article Title 13,,,,article-title-13-2ce6e,,2025年12月19日 11:27,2025年12月22日 15:51,Joyce Fang,Joyce Fang
14,Article Title 14,,,,article-title-14-2d16e,,2025年12月22日 15:15,2025年12月22日 15:51,Joyce Fang,Joyce Fang
15,Article Title 15,,,,article-title-15-2d16e,,2025年12月22日 15:17,2025年12月22日 15:51,Joyce Fang,Joyce Fang
16,Article Title 16,,,,article-title-16-2d16e,,2025年12月22日 15:25,2025年12月22日 15:51,Joyce Fang,Joyce Fang
17,Article Title 17,,,,article-title-17-2d16e,,2025年12月22日 15:26,2025年12月22日 15:52,Joyce Fang,Joyce Fang
18,Article Title 18,,,,article-title-18-2d16e,,2025年12月22日 15:39,2025年12月22日 15:52,Joyce Fang,Joyce Fang
19,Article Title 19,,,,article-title-19-2d16e,,2025年12月22日 15:39,2025年12月22日 15:52,Joyce Fang,Joyce Fang
20,Article Title 20,,,,article-title-20-2d16e,,2025年12月22日 15:39,2025年12月22日 15:52,Joyce Fang,Joyce Fang
21,Article Title 21,,,,article-title-21-2d16e,,2025年12月22日 15:39,2025年12月22日 15:52,Joyce Fang,Joyce Fang
22,Article Title 22,,,,article-title-22-2d16e,,2025年12月22日 15:39,2025年12月22日 15:52,Joyce Fang,Joyce Fang
23,文章模版,,,,文章模版-2e96e,,2026年1月15日 08:53,2026年1月15日 08:53,Joyce Fang,Joyce Fang
24,文章模版-2,,,,文章模版-2-2e96e,,2026年1月15日 16:16,2026年1月15日 16:16,Joyce Fang,Joyce Fang