Title,Author,Category,Created Date,Created by,ID,Published Date,Slug,Status,Tags,Updated Date
Notion Public API 指令使用教程,Joyce Fang,,2025年11月24日 11:44,Joyce Fang,1,,notion-public-api-指令使用教程-2b56e,Scheduled,,2026年2月28日 09:46
Notion自动备份到GitHub仓库,Joyce Fang,,2025年11月24日 11:44,Joyce Fang,2,,notion自动备份到github仓库-2b56e,,,2026年1月16日 21:35
GitHub Pages,Joyce Fang,,2025年11月24日 11:44,Joyce Fang,3,,github-pages-2b56e,,,2026年1月16日 21:40
Article Title 4,Joyce Fang,,2025年11月24日 11:44,Joyce Fang,4,,article-title-4-2b56e,,,2025年12月22日 15:51
Article Title 5,Joyce Fang,,2025年11月24日 11:44,Joyce Fang,5,,article-title-5-2b56e,,,2025年12月22日 15:49
Article Title 6-这是一个很长很长的标题，就是这么长，看看同步之后标题会不会被拦截,Joyce Fang,Notion,2025年11月24日 13:41,Joyce Fang,6,,article-title-6-这是一个很长很长的标题，就是这么长，看看同步之后标题会不会被拦截-2b56e,Scheduled,Notion,2026年1月15日 16:46
Article Title 7,Joyce Fang,Notion,2025年11月24日 14:06,Joyce Fang,7,,article-title-7-2b56e,Scheduled,"Github Actions, Notion",2026年1月16日 21:32
Article Title 8,Joyce Fang,,2025年11月24日 14:06,Joyce Fang,8,,article-title-8-2b56e,Scheduled,,2026年1月16日 21:40
GitHub Actions,Joyce Fang,GitHub,2025年11月24日 14:07,Joyce Fang,9,,github-actions-2b56e,Scheduled,Github Actions,2025年12月30日 14:00
测试页面展,Joyce Fang,,2025年11月24日 14:07,Joyce Fang,10,,测试页面展-2b56e,Scheduled,,2025年12月30日 14:00
Article Title 11,Joyce Fang,,2025年11月27日 11:07,Joyce Fang,11,,article-title-11-2b86e,,,2025年12月22日 15:50
Article Title 12,Joyce Fang,,2025年11月27日 11:07,Joyce Fang,12,,article-title-12-2b86e,,,2025年12月22日 15:51
Article Title 13,Joyce Fang,,2025年12月19日 11:27,Joyce Fang,13,,article-title-13-2ce6e,,,2025年12月22日 15:51
Article Title 14,Joyce Fang,,2025年12月22日 15:15,Joyce Fang,14,,article-title-14-2d16e,,,2025年12月22日 15:51
Article Title 15,Joyce Fang,,2025年12月22日 15:17,Joyce Fang,15,,article-title-15-2d16e,,,2025年12月22日 15:51
Article Title 16,Joyce Fang,,2025年12月22日 15:25,Joyce Fang,16,,article-title-16-2d16e,,,2025年12月22日 15:51
Article Title 17,Joyce Fang,,2025年12月22日 15:26,Joyce Fang,17,,article-title-17-2d16e,,,2025年12月22日 15:52
Article Title 18,Joyce Fang,,2025年12月22日 15:39,Joyce Fang,18,,article-title-18-2d16e,,,2025年12月22日 15:52
Article Title 19,Joyce Fang,,2025年12月22日 15:39,Joyce Fang,19,,article-title-19-2d16e,,,2025年12月22日 15:52
Article Title 20,Joyce Fang,,2025年12月22日 15:39,Joyce Fang,20,,article-title-20-2d16e,,,2025年12月22日 15:52
Article Title 21,Joyce Fang,,2025年12月22日 15:39,Joyce Fang,21,,article-title-21-2d16e,,,2025年12月22日 15:52
Article Title 22,Joyce Fang,,2025年12月22日 15:39,Joyce Fang,22,,article-title-22-2d16e,,,2025年12月22日 15:52
文章模版,Joyce Fang,,2026年1月15日 08:53,Joyce Fang,23,,文章模版-2e96e,,,2026年1月15日 08:53
文章模版-2,Joyce Fang,,2026年1月15日 16:16,Joyce Fang,24,,文章模版-2-2e96e,,,2026年1月15日 16:16